folder	file	j_nonempty_rows	sample_lines	note
unit_million	import_firstTime_1.csv	1828	3,4,5,6,7	import_full_update_fast の import_firsttime パターンで overview に【事業構成】追記
unit_million	import_firstTime_10.csv	300	2,3,4,5,6	import_full_update_fast の import_firsttime パターンで overview に【事業構成】追記
unit_million	import_firstTime_100.csv	172	2,3,4,5,6	import_full_update_fast の import_firsttime パターンで overview に【事業構成】追記
unit_million	import_firstTime_101.csv	13235	2,4,5,6,8	import_full_update_fast の import_firsttime パターンで overview に【事業構成】追記
unit_million	import_firstTime_102.csv	13503	4,6,8,9,11	import_full_update_fast の import_firsttime パターンで overview に【事業構成】追記
unit_million	import_firstTime_103.csv	3197	2,3,4,5,6	import_full_update_fast の import_firsttime パターンで overview に【事業構成】追記
unit_million	import_firstTime_106.csv	1477	3,5,6,11,12	import_full_update_fast の import_firsttime パターンで overview に【事業構成】追記
unit_million	import_firstTime_107.csv	40846	2,3,4,5,6	import_full_update_fast の import_firsttime パターンで overview に【事業構成】追記
unit_million	import_firstTime_108.csv	40846	2,3,4,5,6	import_full_update_fast の import_firsttime パターンで overview に【事業構成】追記
unit_million	import_firstTime_11.csv	218	2,3,4,5,6	import_full_update_fast の import_firsttime パターンで overview に【事業構成】追記
unit_million	import_firstTime_110.csv	5003	2,3,4,5,6	import_full_update_fast の import_firsttime パターンで overview に【事業構成】追記
unit_million	import_firstTime_111.csv	5003	2,3,4,5,6	import_full_update_fast の import_firsttime パターンで overview に【事業構成】追記
unit_million	import_firstTime_112.csv	5003	2,3,4,5,6	import_full_update_fast の import_firsttime パターンで overview に【事業構成】追記
unit_million	import_firstTime_113.csv	5003	2,3,4,5,6	import_full_update_fast の import_firsttime パターンで overview に【事業構成】追記
unit_million	import_firstTime_114.csv	5003	2,3,4,5,6	import_full_update_fast の import_firsttime パターンで overview に【事業構成】追記
unit_million	import_firstTime_115.csv	5003	2,3,4,5,6	import_full_update_fast の import_firsttime パターンで overview に【事業構成】追記
unit_million	import_firstTime_116.csv	5003	2,3,4,5,6	import_full_update_fast の import_firsttime パターンで overview に【事業構成】追記
unit_million	import_firstTime_117.csv	5003	2,3,4,5,6	import_full_update_fast の import_firsttime パターンで overview に【事業構成】追記
unit_million	import_firstTime_118.csv	823	2,3,4,5,6	import_full_update_fast の import_firsttime パターンで overview に【事業構成】追記
unit_million	import_firstTime_119.csv	11917	2,3,4,5,6	import_full_update_fast の import_firsttime パターンで overview に【事業構成】追記
unit_million	import_firstTime_12.csv	300	2,3,4,5,6	import_full_update_fast の import_firsttime パターンで overview に【事業構成】追記
unit_million	import_firstTime_120.csv	1989	2,3,4,5,6	import_full_update_fast の import_firsttime パターンで overview に【事業構成】追記
unit_million	import_firstTime_121.csv	1998	2,3,4,5,6	import_full_update_fast の import_firsttime パターンで overview に【事業構成】追記
unit_million	import_firstTime_122.csv	1967	2,3,4,5,6	import_full_update_fast の import_firsttime パターンで overview に【事業構成】追記
unit_million	import_firstTime_123.csv	2000	2,3,4,5,6	import_full_update_fast の import_firsttime パターンで overview に【事業構成】追記
unit_million	import_firstTime_125.csv	1826	2,3,4,5,6	import_full_update_fast の import_firsttime パターンで overview に【事業構成】追記
unit_million	import_firstTime_13.csv	238	2,4,5,6,7	import_full_update_fast の import_firsttime パターンで overview に【事業構成】追記
unit_million	import_firstTime_133.csv	2163	2,3,4,5,6	import_full_update_fast の import_firsttime パターンで overview に【事業構成】追記
unit_million	import_firstTime_134.csv	5342	2,3,4,5,6	import_full_update_fast の import_firsttime パターンで overview に【事業構成】追記
unit_million	import_firstTime_14.csv	300	2,3,4,5,6	import_full_update_fast の import_firsttime パターンで overview に【事業構成】追記
unit_million	import_firstTime_15.csv	230	3,4,6,7,8	import_full_update_fast の import_firsttime パターンで overview に【事業構成】追記
unit_million	import_firstTime_16.csv	299	2,3,4,5,6	import_full_update_fast の import_firsttime パターンで overview に【事業構成】追記
unit_million	import_firstTime_17.csv	300	2,3,4,5,6	import_full_update_fast の import_firsttime パターンで overview に【事業構成】追記
unit_million	import_firstTime_18.csv	229	2,3,4,5,6	import_full_update_fast の import_firsttime パターンで overview に【事業構成】追記
unit_million	import_firstTime_19.csv	300	2,3,4,5,6	import_full_update_fast の import_firsttime パターンで overview に【事業構成】追記
unit_million	import_firstTime_2.csv	1644	2,4,5,9,10	import_full_update_fast の import_firsttime パターンで overview に【事業構成】追記
unit_million	import_firstTime_20.csv	235	2,3,4,5,6	import_full_update_fast の import_firsttime パターンで overview に【事業構成】追記
unit_million	import_firstTime_21.csv	293	2,3,4,5,6	import_full_update_fast の import_firsttime パターンで overview に【事業構成】追記
unit_million	import_firstTime_22.csv	272	2,3,4,5,7	import_full_update_fast の import_firsttime パターンで overview に【事業構成】追記
unit_million	import_firstTime_23.csv	110	2,3,4,5,6	import_full_update_fast の import_firsttime パターンで overview に【事業構成】追記
unit_million	import_firstTime_24.csv	5348	2,3,4,5,6	import_full_update_fast の import_firsttime パターンで overview に【事業構成】追記
unit_million	import_firstTime_25.csv	181	2,3,4,5,6	import_full_update_fast の import_firsttime パターンで overview に【事業構成】追記
unit_million	import_firstTime_26.csv	35	8,9,10,11,12	import_full_update_fast の import_firsttime パターンで overview に【事業構成】追記
unit_million	import_firstTime_35.csv	1	222	import_full_update_fast の import_firsttime パターンで overview に【事業構成】追記
unit_million	import_firstTime_36.csv	40846	2,3,4,5,6	import_full_update_fast の import_firsttime パターンで overview に【事業構成】追記
unit_million	import_firstTime_39.csv	299	2,3,4,5,6	import_full_update_fast の import_firsttime パターンで overview に【事業構成】追記
unit_million	import_firstTime_4.csv	1167	2,3,4,5,6	import_full_update_fast の import_firsttime パターンで overview に【事業構成】追記
unit_million	import_firstTime_41.csv	4445	2,3,4,5,6	import_full_update_fast の import_firsttime パターンで overview に【事業構成】追記
unit_million	import_firstTime_42.csv	5003	2,3,4,5,6	import_full_update_fast の import_firsttime パターンで overview に【事業構成】追記
unit_million	import_firstTime_43.csv	5003	2,3,4,5,6	import_full_update_fast の import_firsttime パターンで overview に【事業構成】追記
unit_million	import_firstTime_44.csv	5003	2,3,4,5,6	import_full_update_fast の import_firsttime パターンで overview に【事業構成】追記
unit_million	import_firstTime_45.csv	5003	2,3,4,5,6	import_full_update_fast の import_firsttime パターンで overview に【事業構成】追記
unit_million	import_firstTime_46.csv	5003	2,3,4,5,6	import_full_update_fast の import_firsttime パターンで overview に【事業構成】追記
unit_million	import_firstTime_47.csv	5003	2,3,4,5,6	import_full_update_fast の import_firsttime パターンで overview に【事業構成】追記
unit_million	import_firstTime_48.csv	5003	2,3,4,5,6	import_full_update_fast の import_firsttime パターンで overview に【事業構成】追記
unit_million	import_firstTime_49.csv	5003	2,3,4,5,6	import_full_update_fast の import_firsttime パターンで overview に【事業構成】追記
unit_million	import_firstTime_50.csv	846	2,3,4,5,6	import_full_update_fast の import_firsttime パターンで overview に【事業構成】追記
unit_million	import_firstTime_52.csv	7270	2,3,4,5,6	import_full_update_fast の import_firsttime パターンで overview に【事業構成】追記
unit_million	import_firstTime_54.csv	299	2,3,4,5,6	import_full_update_fast の import_firsttime パターンで overview に【事業構成】追記
unit_million	import_firstTime_55.csv	242	2,3,4,5,6	import_full_update_fast の import_firsttime パターンで overview に【事業構成】追記
unit_million	import_firstTime_56.csv	299	2,3,4,5,7	import_full_update_fast の import_firsttime パターンで overview に【事業構成】追記
unit_million	import_firstTime_57.csv	299	2,3,4,5,6	import_full_update_fast の import_firsttime パターンで overview に【事業構成】追記
unit_million	import_firstTime_58.csv	223	14,19,22,25,46	import_full_update_fast の import_firsttime パターンで overview に【事業構成】追記
unit_million	import_firstTime_59.csv	300	2,3,4,5,6	import_full_update_fast の import_firsttime パターンで overview に【事業構成】追記
unit_million	import_firstTime_60.csv	300	2,3,4,5,6	import_full_update_fast の import_firsttime パターンで overview に【事業構成】追記
unit_million	import_firstTime_62.csv	243	2,3,4,5,6	import_full_update_fast の import_firsttime パターンで overview に【事業構成】追記
unit_million	import_firstTime_63.csv	166	2,3,4,5,6	import_full_update_fast の import_firsttime パターンで overview に【事業構成】追記
unit_million	import_firstTime_64.csv	207	7,11,14,17,20	import_full_update_fast の import_firsttime パターンで overview に【事業構成】追記
unit_million	import_firstTime_65.csv	256	2,3,4,6,8	import_full_update_fast の import_firsttime パターンで overview に【事業構成】追記
unit_million	import_firstTime_66.csv	234	2,4,5,6,7	import_full_update_fast の import_firsttime パターンで overview に【事業構成】追記
unit_million	import_firstTime_67.csv	251	2,4,5,6,7	import_full_update_fast の import_firsttime パターンで overview に【事業構成】追記
unit_million	import_firstTime_68.csv	248	2,3,4,6,7	import_full_update_fast の import_firsttime パターンで overview に【事業構成】追記
unit_million	import_firstTime_69.csv	228	2,4,5,6,7	import_full_update_fast の import_firsttime パターンで overview に【事業構成】追記
unit_million	import_firstTime_7.csv	229	2,3,4,5,6	import_full_update_fast の import_firsttime パターンで overview に【事業構成】追記
unit_million	import_firstTime_70.csv	236	2,4,5,6,8	import_full_update_fast の import_firsttime パターンで overview に【事業構成】追記
unit_million	import_firstTime_71.csv	265	2,4,5,6,7	import_full_update_fast の import_firsttime パターンで overview に【事業構成】追記
unit_million	import_firstTime_72.csv	187	2,3,4,5,6	import_full_update_fast の import_firsttime パターンで overview に【事業構成】追記
unit_million	import_firstTime_73.csv	116	5,13,17,18,19	import_full_update_fast の import_firsttime パターンで overview に【事業構成】追記
unit_million	import_firstTime_74.csv	24	3,7,11,17,22	import_full_update_fast の import_firsttime パターンで overview に【事業構成】追記
unit_million	import_firstTime_75.csv	189	3,4,5,6,7	import_full_update_fast の import_firsttime パターンで overview に【事業構成】追記
unit_million	import_firstTime_76.csv	266	2,3,4,5,6	import_full_update_fast の import_firsttime パターンで overview に【事業構成】追記
unit_million	import_firstTime_77.csv	248	3,4,5,6,8	import_full_update_fast の import_firsttime パターンで overview に【事業構成】追記
unit_million	import_firstTime_8.csv	299	2,3,4,5,6	import_full_update_fast の import_firsttime パターンで overview に【事業構成】追記
unit_million	import_firstTime_9.csv	234	2,3,4,5,6	import_full_update_fast の import_firsttime パターンで overview に【事業構成】追記
unit_million	import_firstTime_90.csv	164	3,5,7,8,9	import_full_update_fast の import_firsttime パターンで overview に【事業構成】追記
unit_yen	import_firstTime_105.csv	269	2,3,4,5,6	import_full_update_fast の import_firsttime パターンで overview に【事業構成】追記
unit_yen	import_firstTime_124.csv	1989	2,3,4,5,6	import_full_update_fast の import_firsttime パターンで overview に【事業構成】追記
unit_yen	import_firstTime_3.csv	1213	2,3,4,5,6	import_full_update_fast の import_firsttime パターンで overview に【事業構成】追記
unit_yen	import_firstTime_40.csv	901	2,3,4,5,6	import_full_update_fast の import_firsttime パターンで overview に【事業構成】追記
unit_yen	import_firstTime_5.csv	1110	2,3,4,5,6	import_full_update_fast の import_firsttime パターンで overview に【事業構成】追記
unit_yen	import_firstTime_6.csv	775	2,3,4,5,6	import_full_update_fast の import_firsttime パターンで overview に【事業構成】追記
unit_yen	import_firstTime_78.csv	282	2,3,4,6,7	import_full_update_fast の import_firsttime パターンで overview に【事業構成】追記
unit_yen	import_firstTime_79.csv	277	2,3,4,5,6	import_full_update_fast の import_firsttime パターンで overview に【事業構成】追記
unit_yen	import_firstTime_80.csv	267	2,3,4,5,6	import_full_update_fast の import_firsttime パターンで overview に【事業構成】追記
unit_yen	import_firstTime_81.csv	251	2,3,4,5,6	import_full_update_fast の import_firsttime パターンで overview に【事業構成】追記
unit_yen	import_firstTime_82.csv	272	2,3,4,5,6	import_full_update_fast の import_firsttime パターンで overview に【事業構成】追記
unit_yen	import_firstTime_83.csv	262	2,3,4,5,6	import_full_update_fast の import_firsttime パターンで overview に【事業構成】追記
unit_yen	import_firstTime_84.csv	164	4,5,8,12,16	import_full_update_fast の import_firsttime パターンで overview に【事業構成】追記
unit_yen	import_firstTime_85.csv	263	2,4,6,7,8	import_full_update_fast の import_firsttime パターンで overview に【事業構成】追記
unit_yen	import_firstTime_86.csv	262	2,3,4,5,6	import_full_update_fast の import_firsttime パターンで overview に【事業構成】追記
unit_yen	import_firstTime_87.csv	240	2,3,4,5,6	import_full_update_fast の import_firsttime パターンで overview に【事業構成】追記
unit_yen	import_firstTime_88.csv	261	2,3,5,8,10	import_full_update_fast の import_firsttime パターンで overview に【事業構成】追記
unit_yen	import_firstTime_89.csv	226	2,3,4,5,6	import_full_update_fast の import_firsttime パターンで overview に【事業構成】追記
unit_yen	import_firstTime_91.csv	278	2,3,4,5,6	import_full_update_fast の import_firsttime パターンで overview に【事業構成】追記
unit_yen	import_firstTime_92.csv	276	2,3,4,5,6	import_full_update_fast の import_firsttime パターンで overview に【事業構成】追記
unit_yen	import_firstTime_93.csv	249	3,6,7,8,10	import_full_update_fast の import_firsttime パターンで overview に【事業構成】追記
unit_yen	import_firstTime_94.csv	282	2,3,4,5,6	import_full_update_fast の import_firsttime パターンで overview に【事業構成】追記
unit_yen	import_firstTime_95.csv	288	2,3,4,5,6	import_full_update_fast の import_firsttime パターンで overview に【事業構成】追記
unit_yen	import_firstTime_96.csv	274	2,3,5,6,7	import_full_update_fast の import_firsttime パターンで overview に【事業構成】追記
unit_yen	import_firstTime_97.csv	285	2,3,4,5,6	import_full_update_fast の import_firsttime パターンで overview に【事業構成】追記
unit_yen	import_firstTime_98.csv	288	2,3,4,5,6	import_full_update_fast の import_firsttime パターンで overview に【事業構成】追記
unit_yen	import_firstTime_99.csv	288	2,3,4,6,7	import_full_update_fast の import_firsttime パターンで overview に【事業構成】追記
